现在 [xiànzài] (名),now,请问，现在几点？,Excuse me; what time is it now?
点 [diǎn] (量),o'clock,现在是早上八点四十分。,It is now 8:40 in the morning.
早上 [zǎoshang] (名),early morning,早上八点我们在校门口集合。,We gather at the school gate at 8:00 in the morning.
上午 [shàngwǔ] (名),morning,我上午十点十分有中文课。,I have Chinese class at 10:10 in the morning.
分 [fēn] (量),minute,现在差五分十点。,It is now five minutes to ten.
课 [kè] (名),class; lesson,今天下午你有没有课？,Do you have class this afternoon?
下午 [xiàwǔ] (名),afternoon,我们下午两点在图书馆见吧。,Let's meet at the library at 2:00 in the afternoon.
见 [jiàn] (动),to meet; to see,明天下午见！,See you tomorrow afternoon!
吧 [ba] (助),modal particle for suggestions/consultation,我们一起去吃晚饭吧。,Let's go have dinner together.
电影院 [diànyǐngyuàn] (名),cinema; movie theater,学校前边有一家新电影院。,There is a new cinema in front of the school.
看 [kàn] (动),to look at; to watch; to read,我想去电影院看电影。,I want to go to the cinema to watch a movie.
电影 [diànyǐng] (名),movie; film,这部中国电影真好看！,This Chinese movie is really good!
事 [shì] (名),matter; affair; business,我下午还有事，不能去了。,I still have something to do this afternoon; so I can't go.
上课 [shàngkè] (动),to attend class; to give class,老师八点开始上课。,The teacher begins class at 8:00.
呢 [ne] (助),modal particle expressing confirmed facts,我明天下午还上课呢。,I still have class tomorrow afternoon.
半 [bàn] (数),half,我们下午四点半下课。,Our class ends at 4:30 in the afternoon.
下课 [xiàkè] (动),to finish class,下课后我们一起去操场踢球。,After class finishes; let's go play soccer on the playground.
在 [zài] (动/介),to be at/in; at,你在哪儿呢？我在家里呢。,Where are you? I am at home.
家 [jiā] (名),home; house,周末我喜欢待在家里看书。,On weekends I like staying at home and reading books.
里 [li] (名),inside; in,房间里有两台电脑。,There are two computers in the room.
晚上 [wǎnshang] (名),evening; night,我晚上六点半下班。,I get off work at 6:30 in the evening.
医院 [yīyuàn] (名),hospital,他在市中心的一家大医院工作。,He works at a big hospital in the city center.
上班 [shàngbān] (动),to go to work,他每天早上八点去医院上班。,He goes to work at the hospital at 8:00 every morning.
店 [diàn] (名),shop; store,你去店里买些新鲜蔬菜吧。,Please go to the store to buy some fresh vegetables.
菜 [cài] (名),vegetable; greens,妈妈在店里买了好多新鲜的菜。,Mom bought a lot of fresh vegetables in the store.
分钟 [fēnzhōng] (量),minute (duration),我十分钟后去书店找你。,I will go to the bookstore to find you in ten minutes.
后 [hòu] (名),after; later,下班后我们一起去散步吧。,Let's go for a walk together after work.