房卡 [fáng kǎ] (名),room card,这是您的房卡，请拿好。,Here is your room card; please keep it safe.
双人间 [shuāng rén jiān] (名),double room,我想预订一间带阳台的双人间。,I would like to book a double room with a balcony.
单人间 [dān rén jiān] (名),single room,请问今天晚上还有单人间吗？,Excuse me; are there any single rooms left tonight?
前台 [qiántái] (名),(hotel) receptionist / front desk,如果有任何需要，可以联系酒店前台。,If you need anything; you can contact the hotel front desk.
餐厅 [cāntīng] (名),restaurant,酒店的早餐厅在一楼西侧。,The hotel's breakfast restaurant is on the west side of the first floor.
网线 [wǎng xiàn] (名),network cable,房间里有网线，可以免费上网。,There is a network cable in the room for free internet access.
空调 [kòngtiáo] (名),air conditioner,请用遥控器打开房间里的空调。,Please use the remote control to turn on the air conditioner in the room.
电视 [diànshì] (名),television,晚上我们可以在房间里看电视。,In the evening; we can watch television in the room.
被子 [bèizi] (名),quilt,天气有点冷，能再加一床被子吗？,The weather is a bit cold; could you bring an extra quilt?
吹风机 [chuīfēngjī] (名),hair drier,浴室的抽屉里放着电吹风机。,There is a hair dryer in the bathroom drawer.
拖鞋 [tuōxié] (名),slippers,酒店衣柜里准备了干净的拖鞋。,Clean slippers are prepared in the hotel wardrobe.
办理 [bànlǐ] (动),to handle,我来前台办理入住手续。,I came to the front desk to handle the check-in procedure.
入住 [rùzhù] (动),to check in,我们今天下午两点可以办理入住。,We can check in at two o'clock this afternoon.
预订 [yùdìng] (动),to reserve; to book in advance,我已经在网上预订了房间。,I have already booked a room online.
成 [chéng] (动),to become; to turn into,我想把单人间换成双人间。,I want to change the single room into a double room.
填 [tián] (动),to fill,请您先填一下这张表格。,Please fill in this form first.
查 [chá] (动),to check,请稍等，我帮您查一下预订信息。,Please wait a moment; let me check your reservation information.
祝 [zhù] (动),to wish; to express good wishes,祝您在本次入住期间旅途愉快！,Wish you a pleasant journey during your stay!
手续 [shǒuxù] (名),procedure,办理入住手续只需要两分钟。,It only takes two minutes to complete the check-in procedure.
愉快 [yúkuài] (形),happy,祝大家在北京过得愉快！,Wish everyone a happy time in Beijing!
层 [céng] (量),floor,您的房间在八层，坐电梯上去。,Your room is on the eighth floor; take the elevator up.
把 [bǎ] (介),used when the object is the receiver of an action,请把您的护照给我看一下。,Please show me your passport.
登记卡 [dēngjì kǎ] (名),registration card,请在这张住宿登记卡上签个名。,Please sign on this accommodation registration card.
可以 [kěyǐ] (能动),can; may,您现在可以拿着房卡回房间了。,You may now take your room card back to your room.
放 [fàng] (动),to put,把行李先放在房间里吧。,Let's put the luggage in the room first.
退房 [tuì fáng] (动),to check out,酒店一般需要在中午十二点前退房。,Hotels generally require check-out before 12:00 noon.
红 [hóng] (形),red,她手里拿着一本红色的护照。,She is holding a red passport in her hand.
黄 [huáng] (形),yellow,秋天树上的叶子都变黄了。,In autumn; the leaves on the trees all turned yellow.
蓝 [lán] (形),blue,窗外是一片蔚蓝的天空。,Outside the window is a vast blue sky.
黑 [hēi] (形),black,他提着一个黑色的商务行李箱。,He was carrying a black business suitcase.
白 [bái] (形),white,床上的白色床单非常干净。,The white bedsheets on the bed are very clean.
绿 [lǜ] (形),green,房间的桌子上摆着一盆绿植。,There is a pot of green plant on the table in the room.