左(边) [zuǒ (bian)] (名),left,地铁站在马路左边。,The subway station is on the left side of the road.
右(边) [yòu (bian)] (名),right,一直往前走，超市在右边。,Go straight ahead; the supermarket is on the right.
东(边) [dōng (bian)] (名),east,学校东边有一个很大的公园。,There is a big park on the east side of the school.
西(边) [xī (bian)] (名),west,银行在超市的西边。,The bank is to the west of the supermarket.
南(边) [nán (bian)] (名),south,我在超市南门等你。,I am waiting for you at the south gate of the supermarket.
北(边) [běi (bian)] (名),north,北京在中国的北方。,Beijing is in the north of China.
马路 [mǎlù] (名),road; street,过马路的时候要注意红绿灯。,Pay attention to traffic lights when crossing the road.
体育馆 [tǐyùguǎn] (名),gymnasium,今天下午我们在学校体育馆打球。,This afternoon we will play ball in the school gymnasium.
学校 [xuéxiào] (名),school,我们的学校环境非常优美。,The environment of our school is very beautiful.
地铁站 [dìtiězhàn] (名),metro station,请问离这儿最近的地铁站在哪儿？,Excuse me; where is the nearest metro station from here?
银行 [yínháng] (名),bank,我想去中国银行换一点人民币。,I want to go to the Bank of China to exchange some RMB.
酒吧 [jiǔbā] (名),bar,周末他们喜欢去三里屯的酒吧聊天。,On weekends they like going to bars in Sanlitun to chat.
飞机场 [fēijīchǎng] (名),airport,坐机场快轨去飞机场非常方便。,Taking the Airport Express to the airport is very convenient.
火车站 [huǒchēzhàn] (名),railway station,明天上午十点我们在北京南站火车站见面。,We will meet at Beijing South Railway Station at 10 AM tomorrow.
找 [zhǎo] (动),to look for; to search,我在书架上找那本汉语词典。,I am looking for that Chinese dictionary on the bookshelf.
找到 [zhǎodào] (动),to find,我找了半天，终于找到了那家餐厅。,I searched for a long time and finally found that restaurant.
半天 [bàntiān] (名),half a day; very long time,我找了半天也没找到酒吧在哪儿。,I searched for a long time but still couldn't find where the bar was.
不用 [búyòng] (副),need not,不用送我了，我自己坐地铁回去就行。,No need to see me off; I can just take the subway back myself.
还是 [háishi] (副),had better,坐出租车太贵了，我们还是走路吧。,Taking a taxi is too expensive; we had better walk.
自己 [zìjǐ] (代),oneself,这些事情我完全可以自己解决。,I can completely handle these matters myself.
门口 [ménkǒu] (名),entrance; doorway,我们在电影院门口集合吧。,Let's gather at the entrance of the cinema.
一直 [yìzhí] (副),straight,沿着这条路一直往前走就是图书馆。,Going straight along this road leads right to the library.
往 [wǎng] (介),towards,到前面的路口往右拐。,Turn right at the intersection ahead.
前 [qián] (名),front,请大家往前走，不要停在门口。,Please move forward and don't stop at the doorway.
第 [dì] (前缀),ordinal number prefix,请在第二个十字路口向左拐。,Please turn left at the second crossroad.
十字路口 [shízì lùkǒu] (名),crossroad,穿过这个十字路口就到了。,Just cross this crossroad and you'll arrive.
拐 [guǎi] (动),to turn,往前走一百米，往左拐就是书店。,Walk forward 100 meters; turn left and there's the bookstore.
离 [lí] (动),away from,我们学校离地铁站很近。,Our school is very close to the subway station.
远 [yuǎn] (形),far; distant,你家离公司远不远？,Is your home far from the company?
门 [mén] (名),gate; door; entrance,我们在学校北门见面吧。,Let's meet at the north gate of the school.
近 [jìn] (形),near; close,超市离这里很近，走路五分钟就到了。,The supermarket is close to here; just a 5-minute walk.
走路 [zǒu lù] (动),to walk; to go on foot,今天天气很好，我想走路去上课。,The weather is very nice today; I'd like to walk to class.
那 [nà] (连),then; in that case,既然你没带伞，那我们打车走吧。,Since you don't have an umbrella; then let's take a taxi.
怎么办 [zěnme bàn] (动),what to do; how to handle,迷路了怎么办？可以看手机地图。,What to do if lost? You can check the phone map.
走 [zǒu] (动),to walk; to leave,请问去最近的银行怎么走？,Excuse me; how do I get to the nearest bank?