炒 [chǎo] (动),to stir-fry,今天晚上我们炒一个西红柿鸡蛋。,Tonight let's stir-fry eggs with tomatoes.
煎 [jiān] (动),to fry,早餐我想煎一个鸡蛋配面包。,I want to fry an egg to go with bread for breakfast.
煮 [zhǔ] (动),to boil,水开了，可以煮面条了。,The water is boiling; we can cook noodles now.
蒸 [zhēng] (动),to steam,妈妈在厨房里蒸包子。,Mom is steaming buns in the kitchen.
鸡蛋 [jīdàn] (名),egg,冰箱里还有几个新鲜的鸡蛋。,There are still a few fresh eggs in the refrigerator.
酱油 [jiàngyóu] (名),soy sauce,炒菜时加一点酱油味道更好。,Adding a bit of soy sauce when cooking makes it taste better.
醋 [cù] (名),vinegar,吃饺子的时候很多人喜欢蘸醋。,Many people like dipping dumplings in vinegar.
盐 [yán] (名),salt,汤里别放太多盐，要清淡一点。,Don't put too much salt in the soup; keep it light.
糖 [táng] (名),sugar,喝咖啡你喜欢加糖吗？,Do you like adding sugar to your coffee?
咖喱 [gālí] (名),curry,今天中午我们吃香浓的咖喱牛肉饭。,Let's have fragrant curry beef rice for lunch today.
奶酪 [nǎilào] (名),cheese,制作披萨少不了美味的奶酪。,Delicious cheese is indispensable for making pizza.
沙拉酱 [shālā jiàng] (名),salad dressing,蔬菜沙拉里放点沙拉酱很好吃。,Putting some dressing in vegetable salad tastes great.
锅 [guō] (名),pot,把锅洗干净，准备做饭。,Wash the pot clean and get ready to cook.
碗 [wǎn] (名),bowl,请帮我拿一个干净的碗。,Please help me get a clean bowl.
盘子 [pánzi] (名),plate,他把切好的水果摆在盘子里。,He arranged the sliced fruit on the plate.
刀 [dāo] (名),knife,切菜的时候一定要小心用刀。,Be careful when using a knife while chopping vegetables.
铲子 [chǎnzi] (名),scoop; spatula,锅铲/铲子是炒菜必不可少的工具。,A spatula is an essential tool for stir-frying.
微波炉 [wēibōlú] (名),microwave oven,把牛奶放进微波炉里加热一分钟。,Put the milk into the microwave oven to heat for one minute.
帮 [bāng] (动),to help,你能帮我把菜洗一下吗？,Could you help me wash the vegetables?
切 [qiē] (动),to cut; to slice,请把土豆切成小块。,Please cut the potatoes into small pieces.
问题 [wèntí] (名),question; problem,做这道菜没有任何问题，很简单。,Cooking this dish is no problem at all; it's very simple.
准备 [zhǔnbèi] (动),to prepare,所有做饭的食材都已经准备好了。,All the cooking ingredients are ready.
行 [xíng] (形),capable; ok,你的做饭手艺真行！太好吃了。,Your cooking skills are truly great! It's delicious.
步 [bù] (名),step,做这道菜的第一步是热锅倒油。,The first step in cooking this dish is heating the pan and pouring oil.
倒 [dào] (动),to pour,往锅里倒少许植物油。,Pour a little vegetable oil into the pot.
油 [yóu] (名),oil,炒菜前要等油热了再放菜。,Wait until the oil is hot before putting in vegetables when stir-frying.
加热 [jiārè] (动),to heat; to warm,先将平底锅加热三十秒。,Heat the frying pan for thirty seconds first.
拿 [ná] (动),to hold; to take,请帮我把那瓶酱油拿过来。,Please help me bring that bottle of soy sauce over.
端 [duān] (动),to hold (level with both hands); to carry,她小心翼翼地端出一碗热汤。,She carefully carried out a bowl of hot soup.
举 [jǔ] (动),to lift; to raise; to hold up,大家举起杯子庆祝聚会。,Everyone raised their glasses to celebrate the gathering.
盛 [chéng] (动),to fill; to ladle,饭做好了，我来盛饭吧。,The meal is ready; let me ladle the rice.
上来 [shànglai] (动),to come up,他在二楼喊我上去，我马上走上来。,He called me from the second floor; and I came up right away.
上去 [shàngqu] (动),to go up,菜做好了，快把盘子端上去。,The dish is ready; quickly carry the plate up there.
下来 [xiàlai] (动),to come down,他从楼上走下来准备吃晚饭。,He came down from upstairs ready to have dinner.
下去 [xiàqu] (动),to go down,你先把垃圾带下去扔了吧。,Take the trash downstairs and throw it out first.
出来 [chūlai] (动),to come out,厨房里的香味飘出来了。,The fragrance from the kitchen drifted out.
出去 [chūqu] (动),to go out,今天天气真好，我们出去散散步吧。,The weather is great today; let's go out for a walk.
进来 [jìnlai] (动),to come in,外面很冷，快请进来坐吧。,It's cold outside; please come in and sit down.
进去 [jìnqu] (动),to go in,闻到香味，大家迫不及待地走进去。,Smelling the delicious aroma; everyone couldn't wait to walk in.
回来 [huílai] (动),to come back,爸爸下班回来了，正好赶上吃饭。,Dad came back from work just in time for dinner.
回去 [huíqu] (动),to go back,时间不早了，我该准备回去了。,It's getting late; I should prepare to go back.
过来 [guòlai] (动),to come over,你过来尝尝这道菜咸不咸。,Come over and taste if this dish is too salty.
过去 [guòqu] (动),to go over,他走过去帮妈妈切菜。,He walked over to help his mother chop vegetables.
起来 [qǐlai] (动),to stand up,听到开门声，他立刻站了起来。,Hearing the door open; he immediately stood up.
